{"cameraMode":{"drawMode":0,"name":"Shaded","section":"Shading Mode"},"sceneLighting":false,"audioPlay":false,"sceneViewState":{"showFog":true,"showMaterialUpdate":false,"showSkybox":false,"showFlares":true,"showImageEffects":true,"showParticleSystems":true},"in2DMode":false,"pivot":{"x":1.5453376770019532,"y":1.940000057220459,"z":3.2083566188812258},"rotation":{"x":-0.0549362450838089,"y":0.755211353302002,"z":-0.0638246163725853,"w":-0.6500494480133057},"size":4.078557014465332,"orthographic":false}