{"cameraMode":{"drawMode":0,"name":"Shaded","section":"Shading Mode"},"sceneLighting":false,"audioPlay":false,"sceneViewState":{"showFog":true,"showMaterialUpdate":false,"showSkybox":false,"showFlares":true,"showImageEffects":true,"showParticleSystems":true},"in2DMode":false,"pivot":{"x":-5.988345623016357,"y":0.9761683940887451,"z":-8.444124221801758},"rotation":{"x":-0.0511523112654686,"y":0.9456400275230408,"z":-0.26355859637260439,"w":-0.18353547155857087},"size":3.8695919513702394,"orthographic":false}