{"cameraMode":{"drawMode":0,"name":"Shaded","section":"Shading Mode"},"sceneLighting":false,"audioPlay":false,"sceneViewState":{"showFog":true,"showMaterialUpdate":false,"showSkybox":false,"showFlares":true,"showImageEffects":true,"showParticleSystems":true},"in2DMode":false,"pivot":{"x":4.753783226013184,"y":1.8557593822479249,"z":-4.631061553955078},"rotation":{"x":-0.0385710634291172,"y":0.8285552263259888,"z":-0.05752073973417282,"w":-0.5556076169013977},"size":4.0416579246521,"orthographic":false}